"Source Name",Path,"Date Accessed","Data Source"
"The Internet.lnk","No preferred path found","2026-02-21 15:42:54 CET",pc_EmployeA.vhd
ms-settingsnetwork.lnk,"No preferred path found","2026-02-21 15:42:54 CET",pc_EmployeA.vhd
"No preferred path found.lnk","No preferred path found","0000-00-00 00:00:00",pc_EmployeA.vhd
Projet_Orion.lnk,"E:\Projet_Orion","0000-00-00 00:00:00",pc_EmployeA.vhd
Music.lnk,"C:\Users\jean_martin\Music","0000-00-00 00:00:00",pc_EmployeA.vhd
Videos.lnk,"C:\Users\jean_martin\Videos","0000-00-00 00:00:00",pc_EmployeA.vhd
Desktop.lnk,"C:\Users\jean_martin\Desktop","0000-00-00 00:00:00",pc_EmployeA.vhd
Pictures.lnk,"C:\Users\jean_martin\Pictures","0000-00-00 00:00:00",pc_EmployeA.vhd
Downloads.lnk,"C:\Users\jean_martin\Downloads","0000-00-00 00:00:00",pc_EmployeA.vhd
Documents.lnk,"C:\Users\jean_martin\Documents","0000-00-00 00:00:00",pc_EmployeA.vhd
Projet_Orion.lnk,"C:\Users\jean_martin\Documents\Projet_Orion","2026-02-21 16:47:23 CET",pc_EmployeA.vhd
"FTK Imager 8.2.0_SP1.iso.lnk","C:\Users\jean_martin\Desktop\FTK Imager 8.2.0_SP1.iso","2026-02-21 18:24:33 CET",pc_EmployeA.vhd
Budget_2026.xlsx.lnk,"C:\Users\jean_martin\Documents\Projet_Orion\Budget_2026.xlsx","2026-02-21 16:47:44 CET",pc_EmployeA.vhd
"Emails_Concurrent.txt.lnk","C:\Users\jean_martin\Documents\Projet_Orion\Emails_Concurrent.txt","2026-02-21 16:47:29 CET",pc_EmployeA.vhd
"Plans_Confidentiels.pdf.lnk","C:\Users\jean_martin\Documents\Projet_Orion\Plans_Confidentiels.pdf","2026-02-21 16:47:32 CET",pc_EmployeA.vhd
"The Internet.lnk","No preferred path found","2026-02-21 15:42:54 CET",pc_EmployeA.vhd
ms-settingsnetwork.lnk,"No preferred path found","2026-02-21 15:42:54 CET",pc_EmployeA.vhd
"No preferred path found.lnk","No preferred path found","0000-00-00 00:00:00",pc_EmployeA.vhd
Projet_Orion.lnk,"E:\Projet_Orion","0000-00-00 00:00:00",pc_EmployeA.vhd
Music.lnk,"C:\Users\jean_martin\Music","0000-00-00 00:00:00",pc_EmployeA.vhd
Videos.lnk,"C:\Users\jean_martin\Videos","0000-00-00 00:00:00",pc_EmployeA.vhd
Desktop.lnk,"C:\Users\jean_martin\Desktop","0000-00-00 00:00:00",pc_EmployeA.vhd
Pictures.lnk,"C:\Users\jean_martin\Pictures","0000-00-00 00:00:00",pc_EmployeA.vhd
Downloads.lnk,"C:\Users\jean_martin\Downloads","0000-00-00 00:00:00",pc_EmployeA.vhd
Documents.lnk,"C:\Users\jean_martin\Documents","0000-00-00 00:00:00",pc_EmployeA.vhd
Projet_Orion.lnk,"C:\Users\jean_martin\Documents\Projet_Orion","2026-02-21 16:47:23 CET",pc_EmployeA.vhd
"FTK Imager 8.2.0_SP1.iso.lnk","C:\Users\jean_martin\Desktop\FTK Imager 8.2.0_SP1.iso","2026-02-21 18:24:33 CET",pc_EmployeA.vhd
Budget_2026.xlsx.lnk,"C:\Users\jean_martin\Documents\Projet_Orion\Budget_2026.xlsx","2026-02-21 16:47:44 CET",pc_EmployeA.vhd
"Emails_Concurrent.txt.lnk","C:\Users\jean_martin\Documents\Projet_Orion\Emails_Concurrent.txt","2026-02-21 16:47:29 CET",pc_EmployeA.vhd
"Plans_Confidentiels.pdf.lnk","C:\Users\jean_martin\Documents\Projet_Orion\Plans_Confidentiels.pdf","2026-02-21 16:47:32 CET",pc_EmployeA.vhd
